[{"pk": 1, "model": "contenttypes.contenttype", "fields": {"model": "permission", "name": "permission", "app_label": "auth"}}, {"pk": 2, "model": "contenttypes.contenttype", "fields": {"model": "group", "name": "group", "app_label": "auth"}}, {"pk": 3, "model": "contenttypes.contenttype", "fields": {"model": "user", "name": "user", "app_label": "auth"}}, {"pk": 4, "model": "contenttypes.contenttype", "fields": {"model": "contenttype", "name": "content type", "app_label": "contenttypes"}}, {"pk": 5, "model": "contenttypes.contenttype", "fields": {"model": "session", "name": "session", "app_label": "sessions"}}, {"pk": 6, "model": "contenttypes.contenttype", "fields": {"model": "site", "name": "site", "app_label": "sites"}}, {"pk": 7, "model": "contenttypes.contenttype", "fields": {"model": "logentry", "name": "log entry", "app_label": "admin"}}, {"pk": 8, "model": "contenttypes.contenttype", "fields": {"model": "migrationhistory", "name": "migration history", "app_label": "south"}}, {"pk": 9, "model": "contenttypes.contenttype", "fields": {"model": "player", "name": "player", "app_label": "elections"}}, {"pk": 10, "model": "contenttypes.contenttype", "fields": {"model": "loot", "name": "loot", "app_label": "elections"}}, {"pk": 11, "model": "contenttypes.contenttype", "fields": {"model": "election", "name": "election", "app_label": "elections"}}, {"pk": 12, "model": "contenttypes.contenttype", "fields": {"model": "hoard", "name": "hoard", "app_label": "elections"}}, {"pk": "82ik3yql52mwh18ugz2vu7pbe9jplomh", "model": "sessions.session", "fields": {"expire_date": "2013-08-24T12:52:14.464", "session_data": "YmVlMDU3MmFlOTgzMGUxNTJiM2U1Yjg4MGI5M2UzM2M3YTM5YmI4MDqAAn1xAShVEl9hdXRoX3VzZXJfYmFja2VuZHECVSlkamFuZ28uY29udHJpYi5hdXRoLmJhY2tlbmRzLk1vZGVsQmFja2VuZHEDVQ1fYXV0aF91c2VyX2lkcQRLAXUu"}}, {"pk": "ffcv8c1vq4mbh8za35y1vtd1r8j8570x", "model": "sessions.session", "fields": {"expire_date": "2013-08-23T23:40:34.078", "session_data": "NzM2NzliYjZjMWY5MWE1NGY1NGVkY2M5ZmI3NGUxNDk2ZDc2ODkxYzqAAn1xAShVDV9hdXRoX3VzZXJfaWRxAksBVRJfYXV0aF91c2VyX2JhY2tlbmRxA1UpZGphbmdvLmNvbnRyaWIuYXV0aC5iYWNrZW5kcy5Nb2RlbEJhY2tlbmRxBHUu"}}, {"pk": "rj7u6b5nabxbyuh2celbk0ytk3v3fkrb", "model": "sessions.session", "fields": {"expire_date": "2013-08-24T00:41:49.556", "session_data": "YzFlZTVkOTcwZDU4NTFhODM3ZDAwZjY0YjAyNWZmYjBiZGI0MDI0NTqAAn1xAVgKAAAAdGVzdGNvb2tpZVgGAAAAd29ya2VkcQJzLg=="}}, {"pk": "yms0gajofwjhordbyj10xgwt8sa8iunc", "model": "sessions.session", "fields": {"expire_date": "2013-08-25T14:15:30.216", "session_data": "YmVlMDU3MmFlOTgzMGUxNTJiM2U1Yjg4MGI5M2UzM2M3YTM5YmI4MDqAAn1xAShVEl9hdXRoX3VzZXJfYmFja2VuZHECVSlkamFuZ28uY29udHJpYi5hdXRoLmJhY2tlbmRzLk1vZGVsQmFja2VuZHEDVQ1fYXV0aF91c2VyX2lkcQRLAXUu"}}, {"pk": 1, "model": "sites.site", "fields": {"domain": "example.com", "name": "example.com"}}, {"pk": 1, "model": "elections.player", "fields": {"character": "gmcever@gmail.com", "name": "gmcever@gmail.com", "email": "gmcever@gmail.com"}}, {"pk": 2, "model": "elections.player", "fields": {"character": "jeremy@derr.me", "name": "jeremy@derr.me", "email": "jeremy@derr.me"}}, {"pk": 3, "model": "elections.player", "fields": {"character": "jprezas@austin.rr.com", "name": "jprezas@austin.rr.com", "email": "jprezas@austin.rr.com"}}, {"pk": 4, "model": "elections.player", "fields": {"character": "jost@tim.org", "name": "jost@tim.org", "email": "jost@tim.org"}}, {"pk": 5, "model": "elections.player", "fields": {"character": "Oldmicah@gmail.com", "name": "Oldmicah@gmail.com", "email": "Oldmicah@gmail.com"}}, {"pk": 6, "model": "elections.player", "fields": {"character": "somara@gmail.com", "name": "somara@gmail.com", "email": "somara@gmail.com"}}, {"pk": 7, "model": "elections.player", "fields": {"character": "jeffreycoleba06@gmail.com", "name": "jeffreycoleba06@gmail.com", "email": "jeffreycoleba06@gmail.com"}}, {"pk": 1, "model": "elections.hoard", "fields": {"picks": 3, "name": "The Aguafuego", "finalized": false}}, {"pk": 1, "model": "elections.loot", "fields": {"name": "Venom Flux, +1 Chaotic Rapier of Wounding", "bonus": 3, "loot_type": "W", "owner": null, "hoard": 1, "conflict": false}}, {"pk": 2, "model": "elections.loot", "fields": {"name": "+1 Cutlass of Cunning (+1 AC dodge, +1 INIT)", "bonus": 3, "loot_type": "W", "owner": 3, "hoard": 1, "conflict": false}}, {"pk": 3, "model": "elections.loot", "fields": {"name": "Masterwork Composite Longbow (+3)", "bonus": 0, "loot_type": "W", "owner": 5, "hoard": 1, "conflict": false}}, {"pk": 4, "model": "elections.loot", "fields": {"name": "Masterwork Dagger", "bonus": 1, "loot_type": "W", "owner": null, "hoard": 1, "conflict": false}}, {"pk": 5, "model": "elections.loot", "fields": {"name": "Masterwork Dagger", "bonus": 1, "loot_type": "W", "owner": null, "hoard": 1, "conflict": false}}, {"pk": 6, "model": "elections.loot", "fields": {"name": "Masterwork Dagger", "bonus": 1, "loot_type": "W", "owner": null, "hoard": 1, "conflict": false}}, {"pk": 7, "model": "elections.loot", "fields": {"name": "+1 Chain shirt", "bonus": 1, "loot_type": "A", "owner": null, "hoard": 1, "conflict": false}}, {"pk": 8, "model": "elections.loot", "fields": {"name": "+1 Sea leather", "bonus": 1, "loot_type": "A", "owner": null, "hoard": 1, "conflict": false}}, {"pk": 9, "model": "elections.loot", "fields": {"name": "+2 Sea leather", "bonus": 2, "loot_type": "A", "owner": null, "hoard": 1, "conflict": false}}, {"pk": 10, "model": "elections.loot", "fields": {"name": "+2 Sea leather", "bonus": 2, "loot_type": "A", "owner": 4, "hoard": 1, "conflict": false}}, {"pk": 11, "model": "elections.loot", "fields": {"name": "+1 Wooden Buckler", "bonus": 1, "loot_type": "A", "owner": null, "hoard": 1, "conflict": false}}, {"pk": 13, "model": "elections.loot", "fields": {"name": "Scroll (Rage)", "bonus": 0, "loot_type": "O", "owner": null, "hoard": 1, "conflict": false}}, {"pk": 14, "model": "elections.loot", "fields": {"name": "Scroll (Pyrotechnics)", "bonus": 0, "loot_type": "O", "owner": null, "hoard": 1, "conflict": false}}, {"pk": 15, "model": "elections.loot", "fields": {"name": "Wand of Sleep (14 charges)", "bonus": 0, "loot_type": "O", "owner": null, "hoard": 1, "conflict": false}}, {"pk": 16, "model": "elections.loot", "fields": {"name": "Potion (Heroism/5th Level)", "bonus": 0, "loot_type": "O", "owner": null, "hoard": 1, "conflict": false}}, {"pk": 17, "model": "elections.loot", "fields": {"name": "Potion (Rust Touch)", "bonus": 0, "loot_type": "O", "owner": null, "hoard": 1, "conflict": false}}, {"pk": 18, "model": "elections.loot", "fields": {"name": "+1 Cloak of Resistance", "bonus": 1, "loot_type": "O", "owner": 3, "hoard": 1, "conflict": false}}, {"pk": 19, "model": "elections.loot", "fields": {"name": "Gauntlets of the Marsh Ogre (+2 STR)", "bonus": 2, "loot_type": "O", "owner": 2, "hoard": 1, "conflict": false}}, {"pk": 20, "model": "elections.loot", "fields": {"name": "Ring of Elemental Resistance DR10/-", "bonus": 2, "loot_type": "O", "owner": 1, "hoard": 1, "conflict": false}}, {"pk": 21, "model": "elections.loot", "fields": {"name": "The Ring Currently In T's Possession", "bonus": 5, "loot_type": "O", "owner": null, "hoard": 1, "conflict": false}}, {"pk": 22, "model": "elections.loot", "fields": {"name": "+1 Ring of Protection", "bonus": 1, "loot_type": "O", "owner": null, "hoard": 1, "conflict": false}}, {"pk": 23, "model": "elections.loot", "fields": {"name": "+1 Headband of Resistance", "bonus": 1, "loot_type": "O", "owner": 7, "hoard": 1, "conflict": false}}, {"pk": 24, "model": "elections.loot", "fields": {"name": "Ring of Recall", "bonus": 1, "loot_type": "O", "owner": 1, "hoard": 1, "conflict": false}}, {"pk": 26, "model": "elections.loot", "fields": {"name": "Amulet of Shielding (15 charges) (+4 AC)", "bonus": 1, "loot_type": "O", "owner": 6, "hoard": 1, "conflict": false}}, {"pk": 27, "model": "elections.loot", "fields": {"name": "Crosshair's Lenses", "bonus": 4, "loot_type": "O", "owner": 5, "hoard": 1, "conflict": false}}, {"pk": 28, "model": "elections.loot", "fields": {"name": "+1 Ring of Protection", "bonus": 1, "loot_type": "O", "owner": 7, "hoard": 1, "conflict": false}}, {"pk": 29, "model": "elections.loot", "fields": {"name": "Frog Totem Charm (+1 FORT, +2 v poison)", "bonus": 1, "loot_type": "O", "owner": 6, "hoard": 1, "conflict": false}}, {"pk": 30, "model": "elections.loot", "fields": {"name": "Potion of Mirror Image", "bonus": 1, "loot_type": "O", "owner": null, "hoard": 1, "conflict": false}}, {"pk": 31, "model": "elections.loot", "fields": {"name": "+1 Amulet of Natural Armor (Turtle)", "bonus": 1, "loot_type": "O", "owner": 4, "hoard": 1, "conflict": false}}, {"pk": 1, "model": "elections.election", "fields": {"comment": "For toe to toe vs casters or so Tona can drop a fireball on my head..", "player": 1, "loot": 20, "weight": 1, "awarded": true}}, {"pk": 2, "model": "elections.election", "fields": {"comment": "only char that can use it..", "player": 1, "loot": 24, "weight": 2, "awarded": true}}, {"pk": 3, "model": "elections.election", "fields": {"comment": "this or the cloak of protect", "player": 1, "loot": 23, "weight": 3, "awarded": false}}, {"pk": 4, "model": "elections.election", "fields": {"comment": "", "player": 2, "loot": 19, "weight": 1, "awarded": true}}, {"pk": 5, "model": "elections.election", "fields": {"comment": "", "player": 2, "loot": 28, "weight": 2, "awarded": false}}, {"pk": 6, "model": "elections.election", "fields": {"comment": "", "player": 2, "loot": 31, "weight": 3, "awarded": false}}, {"pk": 7, "model": "elections.election", "fields": {"comment": "", "player": 3, "loot": 2, "weight": 1, "awarded": true}}, {"pk": 8, "model": "elections.election", "fields": {"comment": "", "player": 3, "loot": 18, "weight": 2, "awarded": true}}, {"pk": 9, "model": "elections.election", "fields": {"comment": "", "player": 3, "loot": 23, "weight": 3, "awarded": false}}, {"pk": 10, "model": "elections.election", "fields": {"comment": "", "player": 4, "loot": 10, "weight": 1, "awarded": true}}, {"pk": 11, "model": "elections.election", "fields": {"comment": "", "player": 4, "loot": 31, "weight": 2, "awarded": true}}, {"pk": 12, "model": "elections.election", "fields": {"comment": "", "player": 4, "loot": 20, "weight": 3, "awarded": false}}, {"pk": 13, "model": "elections.election", "fields": {"comment": "", "player": 5, "loot": 3, "weight": 1, "awarded": true}}, {"pk": 14, "model": "elections.election", "fields": {"comment": "", "player": 5, "loot": 26, "weight": 2, "awarded": false}}, {"pk": 15, "model": "elections.election", "fields": {"comment": "", "player": 5, "loot": 27, "weight": 3, "awarded": true}}, {"pk": 16, "model": "elections.election", "fields": {"comment": "", "player": 6, "loot": 26, "weight": 1, "awarded": true}}, {"pk": 17, "model": "elections.election", "fields": {"comment": "", "player": 6, "loot": 19, "weight": 2, "awarded": false}}, {"pk": 18, "model": "elections.election", "fields": {"comment": "", "player": 6, "loot": 29, "weight": 3, "awarded": true}}, {"pk": 19, "model": "elections.election", "fields": {"comment": "I have the lowest AC/most defenseless in group", "player": 7, "loot": 28, "weight": 1, "awarded": true}}, {"pk": 20, "model": "elections.election", "fields": {"comment": "May need to keep wearing illusionary cloak", "player": 7, "loot": 23, "weight": 2, "awarded": true}}, {"pk": 21, "model": "elections.election", "fields": {"comment": "The illusionary cloak may need to be replaced with this.", "player": 7, "loot": 18, "weight": 3, "awarded": false}}, {"pk": 1, "model": "south.migrationhistory", "fields": {"applied": "2013-08-09T23:24:56.633", "app_name": "elections", "migration": "0001_initial"}}, {"pk": 2, "model": "south.migrationhistory", "fields": {"applied": "2013-08-11T14:11:19.916", "app_name": "elections", "migration": "0002_auto__add_hoard__add_field_loot_conflict__add_field_loot_hoard"}}, {"pk": 1, "model": "auth.permission", "fields": {"codename": "add_permission", "name": "Can add permission", "content_type": 1}}, {"pk": 2, "model": "auth.permission", "fields": {"codename": "change_permission", "name": "Can change permission", "content_type": 1}}, {"pk": 3, "model": "auth.permission", "fields": {"codename": "delete_permission", "name": "Can delete permission", "content_type": 1}}, {"pk": 4, "model": "auth.permission", "fields": {"codename": "add_group", "name": "Can add group", "content_type": 2}}, {"pk": 5, "model": "auth.permission", "fields": {"codename": "change_group", "name": "Can change group", "content_type": 2}}, {"pk": 6, "model": "auth.permission", "fields": {"codename": "delete_group", "name": "Can delete group", "content_type": 2}}, {"pk": 7, "model": "auth.permission", "fields": {"codename": "add_user", "name": "Can add user", "content_type": 3}}, {"pk": 8, "model": "auth.permission", "fields": {"codename": "change_user", "name": "Can change user", "content_type": 3}}, {"pk": 9, "model": "auth.permission", "fields": {"codename": "delete_user", "name": "Can delete user", "content_type": 3}}, {"pk": 10, "model": "auth.permission", "fields": {"codename": "add_contenttype", "name": "Can add content type", "content_type": 4}}, {"pk": 11, "model": "auth.permission", "fields": {"codename": "change_contenttype", "name": "Can change content type", "content_type": 4}}, {"pk": 12, "model": "auth.permission", "fields": {"codename": "delete_contenttype", "name": "Can delete content type", "content_type": 4}}, {"pk": 13, "model": "auth.permission", "fields": {"codename": "add_session", "name": "Can add session", "content_type": 5}}, {"pk": 14, "model": "auth.permission", "fields": {"codename": "change_session", "name": "Can change session", "content_type": 5}}, {"pk": 15, "model": "auth.permission", "fields": {"codename": "delete_session", "name": "Can delete session", "content_type": 5}}, {"pk": 16, "model": "auth.permission", "fields": {"codename": "add_site", "name": "Can add site", "content_type": 6}}, {"pk": 17, "model": "auth.permission", "fields": {"codename": "change_site", "name": "Can change site", "content_type": 6}}, {"pk": 18, "model": "auth.permission", "fields": {"codename": "delete_site", "name": "Can delete site", "content_type": 6}}, {"pk": 19, "model": "auth.permission", "fields": {"codename": "add_logentry", "name": "Can add log entry", "content_type": 7}}, {"pk": 20, "model": "auth.permission", "fields": {"codename": "change_logentry", "name": "Can change log entry", "content_type": 7}}, {"pk": 21, "model": "auth.permission", "fields": {"codename": "delete_logentry", "name": "Can delete log entry", "content_type": 7}}, {"pk": 22, "model": "auth.permission", "fields": {"codename": "add_migrationhistory", "name": "Can add migration history", "content_type": 8}}, {"pk": 23, "model": "auth.permission", "fields": {"codename": "change_migrationhistory", "name": "Can change migration history", "content_type": 8}}, {"pk": 24, "model": "auth.permission", "fields": {"codename": "delete_migrationhistory", "name": "Can delete migration history", "content_type": 8}}, {"pk": 25, "model": "auth.permission", "fields": {"codename": "add_player", "name": "Can add player", "content_type": 9}}, {"pk": 26, "model": "auth.permission", "fields": {"codename": "change_player", "name": "Can change player", "content_type": 9}}, {"pk": 27, "model": "auth.permission", "fields": {"codename": "delete_player", "name": "Can delete player", "content_type": 9}}, {"pk": 28, "model": "auth.permission", "fields": {"codename": "add_loot", "name": "Can add loot", "content_type": 10}}, {"pk": 29, "model": "auth.permission", "fields": {"codename": "change_loot", "name": "Can change loot", "content_type": 10}}, {"pk": 30, "model": "auth.permission", "fields": {"codename": "delete_loot", "name": "Can delete loot", "content_type": 10}}, {"pk": 31, "model": "auth.permission", "fields": {"codename": "add_election", "name": "Can add election", "content_type": 11}}, {"pk": 32, "model": "auth.permission", "fields": {"codename": "change_election", "name": "Can change election", "content_type": 11}}, {"pk": 33, "model": "auth.permission", "fields": {"codename": "delete_election", "name": "Can delete election", "content_type": 11}}, {"pk": 34, "model": "auth.permission", "fields": {"codename": "add_hoard", "name": "Can add hoard", "content_type": 12}}, {"pk": 35, "model": "auth.permission", "fields": {"codename": "change_hoard", "name": "Can change hoard", "content_type": 12}}, {"pk": 36, "model": "auth.permission", "fields": {"codename": "delete_hoard", "name": "Can delete hoard", "content_type": 12}}, {"pk": 1, "model": "admin.logentry", "fields": {"action_flag": 3, "action_time": "2013-08-09T23:40:53.159", "object_repr": "Spellbook, Wex's", "object_id": "25", "change_message": "", "user": 1, "content_type": 10}}, {"pk": 2, "model": "admin.logentry", "fields": {"action_flag": 3, "action_time": "2013-08-09T23:40:57.230", "object_repr": "Spellbook, Sorana's", "object_id": "12", "change_message": "", "user": 1, "content_type": 10}}, {"pk": 3, "model": "admin.logentry", "fields": {"action_flag": 1, "action_time": "2013-08-09T23:41:36.624", "object_repr": "+1 Amulet of Natural Armor (Turtle)", "object_id": "31", "change_message": "", "user": 1, "content_type": 10}}, {"pk": 4, "model": "admin.logentry", "fields": {"action_flag": 1, "action_time": "2013-08-11T14:17:18.375", "object_repr": "Loot of The Aguafuego", "object_id": "1", "change_message": "", "user": 1, "content_type": 12}}]
